{
    "Africa/Abidjan": {"country": "Ivory Coast", "subcountry": "Lagunes"},
    "Africa/Accra": {"country": "Ghana", "subcountry": "Greater Accra"},
    "Africa/Algiers": {"country": "Algeria", "subcountry": "Alger"},
    "Africa/Bissau": {"country": "Guinea-Bissau", "subcountry": "Bissau"},
    "Africa/Cairo": {"country": "Egypt", "subcountry": "Cairo Governorate"},
    "Africa/Casablanca": {"country": "Morocco",
                          "subcountry": "Grand Casablanca"},
    "Africa/Ceuta": {"country": "Spain", "subcountry": "Ceuta"},
    "Africa/Johannesburg": {"country": "South Africa",
                            "subcountry": "Gauteng"},
    "Africa/Juba": {"country": "Jordan", "subcountry": "Amman"},
    "Africa/Khartoum": {"country": "Sudan", "subcountry": "Khartoum"},
    "Africa/Lagos": {"country": "Mexico", "subcountry": "Jalisco"},
    "Africa/Maputo": {"country": "Mozambique",
                      "subcountry": "Maputo City"},
    "Africa/Monrovia": {"country": "Liberia",
                        "subcountry": "Montserrado"},
    "Africa/Nairobi": {"country": "Kenya", "subcountry": "Nairobi Area"},
    "Africa/Tripoli": {"country": "Lebanon", "subcountry": "Liban-Nord"},
    "Africa/Tunis": {"country": "Tunisia", "subcountry": "Tunis"},
    "Africa/Windhoek": {"country": "Namibia", "subcountry": "Khomas"},
    "America/Anchorage": {"country": "United States",
                          "subcountry": "Alaska"},
    "America/Argentina/Buenos_Aires": {"country": "Argentina",
                                       "subcountry": "Buenos Aires F.D."},
    "America/Argentina/Catamarca": {"country": "Argentina",
                                    "subcountry": "Catamarca"},
    "America/Argentina/Jujuy": {"country": "Argentina",
                                "subcountry": "Jujuy"},
    "America/Argentina/La_Rioja": {"country": "Argentina",
                                   "subcountry": "La Rioja"},
    "America/Argentina/Mendoza": {"country": "Argentina",
                                  "subcountry": "Mendoza"},
    "America/Argentina/Salta": {"country": "Argentina",
                                "subcountry": "Salta"},
    "America/Argentina/San_Juan": {"country": "Argentina",
                                   "subcountry": "San Juan"},
    "America/Argentina/San_Luis": {"country": "Argentina",
                                   "subcountry": "Corrientes"},
    "America/Argentina/Ushuaia": {"country": "Argentina",
                                  "subcountry": "Tierra del Fuego"},
    "America/Belize": {"country": "Belize", "subcountry": "Belize"},
    "America/Boa_Vista": {"country": "Brazil", "subcountry": "Sao Paulo"},
    "America/Boise": {"country": "United States", "subcountry": "Idaho"},
    "America/Campo_Grande": {"country": "Brazil",
                             "subcountry": "Mato Grosso do Sul"},
    "America/Caracas": {"country": "Venezuela", "subcountry": "Capital"},
    "America/Cayenne": {"country": "French Guiana", "subcountry": "Guyane"},
    "America/Chicago": {"country": "United States",
                        "subcountry": "Illinois"},
    "America/Chihuahua": {"country": "Mexico", "subcountry": "Chihuahua"},
    "America/Costa_Rica": {"country": "Mexico", "subcountry": "Sinaloa"},
    "America/Denver": {"country": "United States",
                       "subcountry": "Colorado"},
    "America/Detroit": {"country": "United States",
                        "subcountry": "Michigan"},
    "America/Edmonton": {"country": "Canada", "subcountry": "Alberta"},
    "America/Fortaleza": {"country": "Brazil", "subcountry": "Ceará"},
    "America/Glace_Bay": {"country": "Canada", "subcountry": "Nova Scotia"},
    "America/Guatemala": {"country": "Guatemala",
                          "subcountry": "Chimaltenango"},
    "America/Guayaquil": {"country": "Ecuador", "subcountry": "Guayas"},
    "America/Halifax": {"country": "Canada", "subcountry": "Nova Scotia"},
    "America/Havana": {"country": "Cuba", "subcountry": "La Habana"},
    "America/Hermosillo": {"country": "Mexico", "subcountry": "Sonora"},
    "America/Indiana/Indianapolis": {"country": "United States",
                                     "subcountry": "Indiana"},
    "America/Indiana/Knox": {"country": "United States",
                             "subcountry": "Tennessee"},
    "America/Indiana/Petersburg": {"country": "Russia",
                                   "subcountry": "St.-Petersburg"},
    "America/Indiana/Vincennes": {"country": "France",
                                  "subcountry": "Ile-de-France"},
    "America/Jamaica": {"country": "United States",
                        "subcountry": "Massachusetts"},
    "America/Juneau": {"country": "United States", "subcountry": "Alaska"},
    "America/Kentucky/Louisville": {"country": "United States",
                                    "subcountry": "Kentucky"},
    "America/La_Paz": {"country": "Argentina", "subcountry": "Entre Rios"},
    "America/Lima": {"country": "Brazil", "subcountry": "Pernambuco"},
    "America/Los_Angeles": {"country": "United States",
                            "subcountry": "California"},
    "America/Managua": {"country": "Nicaragua", "subcountry": "Managua"},
    "America/Manaus": {"country": "Brazil", "subcountry": "Amazonas"},
    "America/Matamoros": {"country": "Mexico", "subcountry": "Tamaulipas"},
    "America/Mexico_City": {"country": "Mexico",
                            "subcountry": "Mexico City"},
    "America/Moncton": {"country": "Canada",
                        "subcountry": "New Brunswick"},
    "America/Monterrey": {"country": "Mexico", "subcountry": "Nuevo León"},
    "America/Montevideo": {"country": "Uruguay",
                           "subcountry": "Montevideo"},
    "America/Nassau": {"country": "Bahamas",
                       "subcountry": "New Providence"},
    "America/New_York": {"country": "United States",
                         "subcountry": "New Jersey"},
    "America/North_Dakota/Center": {"country": "United States",
                                    "subcountry": "North Dakota"},
    "America/Nuuk": {"country": "Greenland", "subcountry": "Sermersooq"},
    "America/Ojinaga": {"country": "Mexico", "subcountry": "Chihuahua"},
    "America/Panama": {"country": "United States", "subcountry": "Florida"},
    "America/Paramaribo": {"country": "Suriname",
                           "subcountry": "Paramaribo"},
    "America/Phoenix": {"country": "United States",
                        "subcountry": "Pennsylvania"},
    "America/Port-au-Prince": {"country": "Haiti", "subcountry": "Ouest"},
    "America/Port_of_Spain": {"country": "Trinidad and Tobago",
                              "subcountry": "City of Port of Spain"},
    "America/Porto_Velho": {"country": "Brazil",
                            "subcountry": "Rond?nia"},
    "America/Puerto_Rico": {"country": "Argentina",
                            "subcountry": "Misiones"},
    "America/Punta_Arenas": {"country": "Chile",
                             "subcountry": "Magallanes"},
    "America/Recife": {"country": "Brazil", "subcountry": "Pernambuco"},
    "America/Regina": {"country": "Argentina",
                       "subcountry": "Rio Negro"},
    "America/Rio_Branco": {"country": "Brazil",
                           "subcountry": "Minas Gerais"},
    "America/Santiago": {"country": "Argentina",
                         "subcountry": "Santiago del Estero"},
    "America/Santo_Domingo": {"country": "Cuba",
                              "subcountry": "Villa Clara"},
    "America/Tegucigalpa": {"country": "Honduras",
                            "subcountry": "Francisco Morazán"},
    "America/Thunder_Bay": {"country": "Canada", "subcountry": "Ontario"},
    "America/Tijuana": {"country": "Mexico",
                        "subcountry": "Baja California"},
    "America/Toronto": {"country": "Canada",
                        "subcountry": "Ontario"},
    "America/Vancouver": {"country": "Canada",
                          "subcountry": "British Columbia"},
    "America/Whitehorse": {"country": "Canada",
                           "subcountry": "Yukon"},
    "America/Winnipeg": {"country": "Canada",
                         "subcountry": "Manitoba"},
    "America/Yellowknife": {"country": "Canada",
                            "subcountry": "Northwest Territories"},
    "Antarctica/Davis": {"country": "United States",
                         "subcountry": "California"},
    "Antarctica/Macquarie": {"country": "Australia",
                             "subcountry": "New South Wales"},
    "Antarctica/Palmer": {"country": "Australia",
                          "subcountry": "Northern Territory"},
    "Antarctica/Troll": {"country": "Sweden",
                         "subcountry": "V?stra G?taland"},
    "Asia/Almaty": {"country": "Kazakhstan",
                    "subcountry": "Almaty Qalasy"},
    "Asia/Amman": {"country": "Jordan", "subcountry": "Amman"},
    "Asia/Ashgabat": {"country": "Turkmenistan", "subcountry": "Ahal"},
    "Asia/Atyrau": {"country": "Kazakhstan", "subcountry": "Atyrau"},
    "Asia/Baghdad": {"country": "Iraq",
                     "subcountry": "Mayorality of Baghdad"},
    "Asia/Baku": {"country": "Azerbaijan", "subcountry": "Baki"},
    "Asia/Bangkok": {"country": "Thailand", "subcountry": "Bangkok"},
    "Asia/Barnaul": {"country": "Russia", "subcountry": "Altai Krai"},
    "Asia/Beirut": {"country": "Lebanon", "subcountry": "Beyrouth"},
    "Asia/Bishkek": {"country": "Kyrgyzstan", "subcountry": "Bishkek"},
    "Asia/Chita": {"country": "Russia",
                   "subcountry": "Transbaikal Territory"},
    "Asia/Colombo": {"country": "Brazil", "subcountry": "Paraná"},
    "Asia/Damascus": {"country": "Syria", "subcountry": "Dimashq"},
    "Asia/Dhaka": {"country": "Bangladesh", "subcountry": "Dhaka"},
    "Asia/Dili": {"country": "Egypt", "subcountry": "Al Bu?ayrah"},
    "Asia/Dubai": {"country": "United Arab Emirates",
                   "subcountry": "Dubai"},
    "Asia/Dushanbe": {"country": "Tajikistan",
                      "subcountry": "Dushanbe"},
    "Asia/Famagusta": {"country": "Cyprus",
                       "subcountry": "Ammochostos"},
    "Asia/Gaza": {"country": "Palestinian Territory",
                  "subcountry": "Gaza Strip"},
    "Asia/Hebron": {"country": "Palestinian Territory",
                    "subcountry": "West Bank"},
    "Asia/Ho_Chi_Minh": {"country": "Vietnam",
                         "subcountry": "Ho Chi Minh City"},
    "Asia/Hong_Kong": {"country": "Hong Kong",
                       "subcountry": "Central and Western"},
    "Asia/Hovd": {"country": "Mongolia", "subcountry": "?v?rhangay"},
    "Asia/Irkutsk": {"country": "Russia", "subcountry": "Irkutsk"},
    "Asia/Jakarta": {"country": "Indonesia",
                     "subcountry": "Jakarta Raya"},
    "Asia/Jayapura": {"country": "Indonesia", "subcountry": "Papua"},
    "Asia/Jerusalem": {"country": "Israel",
                       "subcountry": "Jerusalem"},
    "Asia/Kabul": {"country": "Afghanistan", "subcountry": "Kabul"},
    "Asia/Karachi": {"country": "Pakistan", "subcountry": "Sindh"},
    "Asia/Kathmandu": {"country": "Nepal",
                       "subcountry": "Central Region"},
    "Asia/Kolkata": {"country": "India", "subcountry": "West Bengal"},
    "Asia/Krasnoyarsk": {"country": "Russia",
                         "subcountry": "Krasnoyarskiy"},
    "Asia/Kuala_Lumpur": {"country": "Malaysia",
                          "subcountry": "Kuala Lumpur"},
    "Asia/Kuching": {"country": "Malaysia", "subcountry": "Sarawak"},
    "Asia/Macau": {"country": "Brazil",
                   "subcountry": "Rio Grande do Norte"},
    "Asia/Magadan": {"country": "Russia", "subcountry": "Magadan"},
    "Asia/Makassar": {"country": "Indonesia",
                      "subcountry": "South Sulawesi"},
    "Asia/Manila": {"country": "Philippines",
                    "subcountry": "Metro Manila"},
    "Asia/Nicosia": {"country": "Cyprus", "subcountry": "Lefkosia"},
    "Asia/Novokuznetsk": {"country": "Russia",
                          "subcountry": "Kemerovo"},
    "Asia/Novosibirsk": {"country": "Russia",
                         "subcountry": "Novosibirsk"},
    "Asia/Omsk": {"country": "Russia", "subcountry": "Omsk"},
    "Asia/Oral": {"country": "Kazakhstan",
                  "subcountry": "Batys Qazaqstan"},

    "Asia/Pontianak": {"country": "Indonesia",
                       "subcountry": "West Kalimantan"},
    "Asia/Pyongyang": {"country": "North Korea",
                       "subcountry": "Pyongyang"},
    "Asia/Riyadh": {"country": "Saudi Arabia",
                    "subcountry": "Ar Riya?"},
    "Asia/Sakhalin": {"country": "Russia",
                      "subcountry": "Sakhalin"},
    "Asia/Seoul": {"country": "South Korea",
                   "subcountry": "Seoul"},
    "Asia/Shanghai": {"country": "China",
                      "subcountry": "Shanghai Shi"},
    "Asia/Singapore": {"country": "Singapore",
                       "subcountry": "Central Singapore"},
    "Asia/Taipei": {"country": "Taiwan", "subcountry": "Taipei"},
    "Asia/Tashkent": {"country": "Uzbekistan",
                      "subcountry": "Toshkent Shahri"},
    "Asia/Tbilisi": {"country": "Georgia",
                     "subcountry": "T'bilisi"},
    "Asia/Tehran": {"country": "Iran", "subcountry": "Tehran"},
    "Asia/Thimphu": {"country": "Bhutan",
                     "subcountry": "Thimphu"},
    "Asia/Tokyo": {"country": "Japan", "subcountry": "Tokyo"},
    "Asia/Tomsk": {"country": "Russia", "subcountry": "Tomsk"},
    "Asia/Vladivostok": {"country": "Russia",
                         "subcountry": "Primorskiy"},
    "Asia/Yakutsk": {"country": "Russia", "subcountry": "Sakha"},
    "Asia/Yangon": {"country": "Myanmar", "subcountry": "Yangon"},
    "Asia/Yekaterinburg": {"country": "Russia",
                           "subcountry": "Sverdlovsk"},
    "Asia/Yerevan": {"country": "Armenia", "subcountry": "Yerevan"},
    "Atlantic/Canary": {"country": "United Kingdom",
                        "subcountry": "England"},
    "Atlantic/Madeira": {"country": "Portugal", "subcountry": "Aveiro"},
    "Atlantic/Stanley": {"country": "Falkland Islands",
                         "subcountry": "N/A"},
    "Australia/Adelaide": {"country": "Australia",
                           "subcountry": "South Australia"},
    "Australia/Brisbane": {"country": "Australia",
                           "subcountry": "Queensland"},
    "Australia/Broken_Hill": {"country": "Australia",
                              "subcountry": "New South Wales"},
    "Australia/Darwin": {"country": "Australia",
                         "subcountry": "Northern Territory"},
    "Australia/Hobart": {"country": "Australia", "subcountry": "Tasmania"},
    "Australia/Melbourne": {"country": "Australia",
                            "subcountry": "Victoria"},
    "Australia/Perth": {"country": "Australia",
                        "subcountry": "Western Australia"},
    "Australia/Sydney": {"country": "Australia",
                         "subcountry": "New South Wales"},
    "Europe/Amsterdam": {"country": "Guyana",
                         "subcountry": "East Berbice-Corentyne"},
    "Europe/Andorra": {"country": "Andorra",
                       "subcountry": "Andorra la Vella"},
    "Europe/Astrakhan": {"country": "Russia",
                         "subcountry": "Astrakhan"},
    "Europe/Athens": {"country": "Greece", "subcountry": "Attica"},
    "Europe/Belgrade": {"country": "Serbia",
                        "subcountry": "Central Serbia"},
    "Europe/Berlin": {"country": "Germany", "subcountry": "Berlin"},
    "Europe/Brussels": {"country": "Belgium",
                        "subcountry": "Brussels Capital"},
    "Europe/Bucharest": {"country": "Romania",
                         "subcountry": "Bucuresti"},
    "Europe/Budapest": {"country": "Hungary",
                        "subcountry": "Budapest"},
    "Europe/Copenhagen": {"country": "Denmark",
                          "subcountry": "Capital Region"},
    "Europe/Dublin": {"country": "Ireland", "subcountry": "Leinster"},
    "Europe/Gibraltar": {"country": "Gibraltar", "subcountry": "N/A"},
    "Europe/Helsinki": {"country": "Finland", "subcountry": "Uusimaa"},
    "Europe/Kaliningrad": {"country": "Russia",
                           "subcountry": "Kaliningrad"},
    "Europe/Kiev": {"country": "Ukraine", "subcountry": "Kyiv City"},
    "Europe/Kirov": {"country": "Russia", "subcountry": "Murmansk"},
    "Europe/Lisbon": {"country": "Portugal", "subcountry": "Lisbon"},
    "Europe/London": {"country": "Canada", "subcountry": "Ontario"},
    "Europe/Luxembourg": {"country": "Luxembourg",
                          "subcountry": "Luxembourg"},
    "Europe/Madrid": {"country": "Colombia",
                      "subcountry": "Cundinamarca"},
    "Europe/Minsk": {"country": "Belarus", "subcountry": "Minsk City"},
    "Europe/Monaco": {"country": "Monaco", "subcountry": "None"},
    "Europe/Moscow": {"country": "Russia", "subcountry": "Moscow"},
    "Europe/Oslo": {"country": "Norway", "subcountry": "Oslo"},
    "Europe/Paris": {"country": "France",
                     "subcountry": "Ile-de-France"},
    "Europe/Prague": {"country": "Czech Republic",
                      "subcountry": "Praha"},
    "Europe/Riga": {"country": "Latvia", "subcountry": "Riga"},
    "Europe/Rome": {"country": "Italy", "subcountry": "Latium"},
    "Europe/Samara": {"country": "Russia", "subcountry": "Samara"},
    "Europe/Saratov": {"country": "Russia", "subcountry": "Saratov"},
    "Europe/Simferopol": {"country": "Ukraine",
                          "subcountry": "Crimea"},
    "Europe/Sofia": {"country": "Bulgaria",
                     "subcountry": "Sofia-Capital"},
    "Europe/Stockholm": {"country": "Sweden",
                         "subcountry": "Stockholm"},
    "Europe/Tallinn": {"country": "Estonia", "subcountry": "Harjumaa"},
    "Europe/Ulyanovsk": {"country": "Russia", "subcountry": "Ulyanovsk"},
    "Europe/Vienna": {"country": "Austria", "subcountry": "Vienna"},
    "Europe/Vilnius": {"country": "Lithuania",
                       "subcountry": "Vilnius County"},
    "Europe/Volgograd": {"country": "Russia", "subcountry": "Volgograd"},
    "Europe/Warsaw": {"country": "Poland",
                      "subcountry": "Masovian Voivodeship"},
    "Europe/Zurich": {"country": "United States",
                      "subcountry": "Illinois"},
    "Indian/Mahe": {"country": "India",
                    "subcountry": "Madhya Pradesh"},
    "Pacific/Apia": {"country": "Brazil", "subcountry": "Sao Paulo"},
    "Pacific/Auckland": {"country": "United Kingdom",
                         "subcountry": "England"},
    "Pacific/Chatham": {"country": "United Kingdom",
                        "subcountry": "England"},
    "Pacific/Funafuti": {"country": "Tuvalu", "subcountry": "Funafuti"},
    "Pacific/Gambier": {"country": "Australia",
                        "subcountry": "South Australia"},
    "Pacific/Guam": {"country": "Brazil", "subcountry": "Pará"},
    "Pacific/Honolulu": {"country": "United States",
                         "subcountry": "Hawaii"},
    "Pacific/Majuro": {"country": "Marshall Islands",
                       "subcountry": "Majuro Atoll"},
    "Pacific/Norfolk": {"country": "Canada", "subcountry": "Ontario"},
    "Pacific/Pago_Pago": {"country": "American Samoa",
                          "subcountry": "Eastern District"},
    "Pacific/Palau": {"country": "Mexico", "subcountry": "Coahuila"},
    "Pacific/Port_Moresby": {"country": "Papua New Guinea",
                             "subcountry": "National Capital"},
    "Pacific/Tarawa": {"country": "Kiribati",
                       "subcountry": "Gilbert Islands"},
    "Pacific/Wake": {"country": "United Kingdom", "subcountry": "England"},
    "Pacific/Wake": {"country": "United Kingdom", "subcountry": "England"}
}